https://www.immoweb.be/en/classified/house/for-sale/bruxelles/1000/10825352,10825352,799000,1000,Bruxelles,,,HOUSE,HOUSE,6,,,,0,1,,,,430,,0
https://www.immoweb.be/en/classified/apartment-block/for-sale/pentagone-bruxelles/1000/10666016,10666016,1290000,1000,Pentagone (Bruxelles),1850,,HOUSE,APARTMENT_BLOCK,5,105,,,0,1,16,,,526,"(3,)",0
https://www.immoweb.be/en/classified/house/for-sale/bruxelles/1000/10923264,10923264,379000,1000,Bruxelles,,TO_BE_DONE_UP,HOUSE,HOUSE,6,75,SEMI_EQUIPPED,,0,,,,,200,"(2,)",0
https://www.immoweb.be/en/classified/apartment-block/for-sale/bruxelles/1000/11027694,11027694,1395000,1000,Bruxelles,,,HOUSE,APARTMENT_BLOCK,6,,,,0,,,,,320,,0
https://www.immoweb.be/en/classified/house/for-sale/bruxelles/1000/11061689,11061689,565000,1000,Bruxelles,1930,TO_BE_DONE_UP,HOUSE,HOUSE,5,110,INSTALLED,,0,,,,,265,"(2,)",0
https://www.immoweb.be/en/classified/house/for-sale/bruxelles/1000/10941385,10941385,1390000,1000,Bruxelles,1900,AS_NEW,HOUSE,HOUSE,5,0,INSTALLED,,1,,,,,322,"(2,)",0
https://www.immoweb.be/en/classified/apartment-block/for-sale/bruxelles/1000/11045095,11045095,965000,1000,Bruxelles,1917,AS_NEW,HOUSE,APARTMENT_BLOCK,8,251,HYPER_EQUIPPED,,0,1,12,,,663,"(2,)",0
https://www.immoweb.be/en/classified/mixed-use-building/for-sale/brussels/1000/11094009,11094009,845000,1000,Brussels,,,HOUSE,MIXED_USE_BUILDING,7,,,,0,1,40,,,800,,0
https://www.immoweb.be/en/classified/apartment-block/for-sale/bruxelles-ville/1000/10979848,10979848,950000,1000,Bruxelles ville,,,HOUSE,APARTMENT_BLOCK,7,,,,0,,,,,495,,
https://www.immoweb.be/en/classified/new-real-estate-project-apartments/for-sale/torhout/8820/11087130,11087130,,8820,Torhout,,,APARTMENT_GROUP,APARTMENT_GROUP,,,,,0,,,,,,,
https://www.immoweb.be/en/classified/house/for-sale/sint-martens-latem/9830/11125899,11125899,595000,9830,Sint-Martens-Latem,1961,JUST_RENOVATED,HOUSE,HOUSE,2,386,USA_HYPER_EQUIPPED,,0,,,1,188,124,"(3,)",0
https://www.immoweb.be/en/classified/apartment/for-sale/la-calamine/4721/10945039,10945039,35000,4721,La Calamine,,,APARTMENT,APARTMENT,1,,,,0,1,,,,38,,
https://www.immoweb.be/en/classified/new-real-estate-project-apartments/for-sale/bredene/8450/10279388,10279388,,8450,Bredene,,,APARTMENT_GROUP,APARTMENT_GROUP,,,,,0,,,,,,,
https://www.immoweb.be/en/classified/apartment/for-sale/lodelinsart/6042/11004384,11004384,30000,6042,Lodelinsart,,,APARTMENT,APARTMENT,2,,,,0,,,,,85,,
https://www.immoweb.be/en/classified/new-real-estate-project-apartments/for-sale/bredene/8450/10201860,10201860,,8450,Bredene,,,APARTMENT_GROUP,APARTMENT_GROUP,,,,,0,,,,,,,
https://www.immoweb.be/en/classified/new-real-estate-project-apartments/for-sale/leuven/3000/9879367,9879367,,3000,Leuven,,,APARTMENT_GROUP,APARTMENT_GROUP,,,,,0,,,,,,,
https://www.immoweb.be/en/classified/new-real-estate-project-apartments/for-sale/oudenburg/8460/9621842,9621842,,8460,Oudenburg,,,APARTMENT_GROUP,APARTMENT_GROUP,,,,,0,,,,,,,
https://www.immoweb.be/en/classified/new-real-estate-project-apartments/for-sale/torhout/8820/10645469,10645469,,8820,Torhout,,,APARTMENT_GROUP,APARTMENT_GROUP,,,,,0,,,,,,,
https://www.immoweb.be/en/classified/new-real-estate-project-apartments/for-sale/waasmunster/9250/11008771,11008771,,9250,Waasmunster,,,APARTMENT_GROUP,APARTMENT_GROUP,,,,,0,,,,,,,
https://www.immoweb.be/en/classified/new-real-estate-project-apartments/for-sale/molenbeek-st-jean/1080/9686909,9686909,,1080,Molenbeek-St-Jean,,,APARTMENT_GROUP,APARTMENT_GROUP,,,,,0,,,,,,,
https://www.immoweb.be/en/classified/new-real-estate-project-apartments/for-sale/oudenburg/8460/10872196,10872196,,8460,Oudenburg,,,APARTMENT_GROUP,APARTMENT_GROUP,,,,,0,,,,,,,
https://www.immoweb.be/en/classified/new-real-estate-project-apartments/for-sale/oudenburg/8460/10645507,10645507,,8460,Oudenburg,,,APARTMENT_GROUP,APARTMENT_GROUP,,,,,0,,,,,,,
https://www.immoweb.be/en/classified/new-real-estate-project-apartments/for-sale/bredene/8450/10587352,10587352,,8450,Bredene,,,APARTMENT_GROUP,APARTMENT_GROUP,,,,,0,,,,,,,
https://www.immoweb.be/en/classified/new-real-estate-project-apartments/for-sale/sint-gillis-waas/9170/10837545,10837545,,9170,Sint-Gillis-Waas,,,APARTMENT_GROUP,APARTMENT_GROUP,,,,,0,,,,,,,
https://www.immoweb.be/en/classified/apartment/for-sale/verviers/4800/11004386,11004386,10400000,4800,Verviers,,,APARTMENT,APARTMENT,0,,,,0,,,,,,,0
https://www.immoweb.be/en/classified/new-real-estate-project-apartments/for-sale/knokke/8300/9182787,9182787,,8300,Knokke,,,APARTMENT_GROUP,APARTMENT_GROUP,,,,,0,,,,,,,
https://www.immoweb.be/en/classified/apartment/for-sale/knokke-heist/8300/11086556,11086556,4550000,8300,Knokke-Heist,2022,AS_NEW,APARTMENT,APARTMENT,3,,USA_HYPER_EQUIPPED,,0,1,73,,,302,"(2,)",
https://www.immoweb.be/en/classified/apartment/for-sale/knokke-heist-knokke/8300/9502819,9502819,4600000,8300,Knokke-Heist Knokke,2011,AS_NEW,APARTMENT,APARTMENT,3,,HYPER_EQUIPPED,,0,1,17,,,163,"(2,)",0
https://www.immoweb.be/en/classified/apartment/for-sale/knokke-heist/8300/10654777,10654777,4600000,8300,Knokke-Heist,,,APARTMENT,APARTMENT,3,,,,0,1,,1,,163,,0
https://www.immoweb.be/en/classified/apartment/for-sale/knokke-heist/8300/10228933,10228933,4600000,8300,Knokke-Heist,2011,AS_NEW,APARTMENT,APARTMENT,3,,HYPER_EQUIPPED,,0,1,,,,163,"(2,)",0
https://www.immoweb.be/en/classified/apartment/for-sale/knokke-heist/8300/9405211,9405211,4600000,8300,Knokke-Heist,,,APARTMENT,APARTMENT,3,,,,0,1,9,,,163,,0
https://www.immoweb.be/en/classified/apartment/for-sale/het-zoute/8300/9435313,9435313,4600000,8300,het Zoute,,,APARTMENT,APARTMENT,3,,,,0,,,,,163,,
https://www.immoweb.be/en/classified/apartment/for-sale/knokke-heist/8300/11035217,11035217,4600000,8300,Knokke-Heist,2011,AS_NEW,APARTMENT,APARTMENT,3,,USA_HYPER_EQUIPPED,,0,1,17,,,163,"(2,)",0
https://www.immoweb.be/en/classified/apartment/for-sale/knokke/8300/10613006,10613006,4750000,8300,Knokke,,,APARTMENT,APARTMENT,4,,,,0,,,,,273,,
https://www.immoweb.be/en/classified/duplex/for-sale/knokke-heist/8300/10599105,10599105,4750000,8300,Knokke-Heist,,,APARTMENT,DUPLEX,4,,,,0,,,,,273,,
https://www.immoweb.be/en/classified/apartment/for-sale/knokke-heist/8300/10188467,10188467,4750000,8300,Knokke-Heist,,,APARTMENT,APARTMENT,2,,,,0,1,9,,,149,,1
https://www.immoweb.be/en/classified/apartment/for-sale/knokke-heist/8300/10188469,10188469,4900000,8300,Knokke-Heist,,,APARTMENT,APARTMENT,2,,,,0,1,12,,,142,,1
https://www.immoweb.be/en/classified/new-real-estate-project-apartments/for-sale/knokke-heist/8300/9176704,9176704,,8300,Knokke-Heist,,,APARTMENT_GROUP,APARTMENT_GROUP,,,,,0,,,,,,,
https://www.immoweb.be/en/classified/new-real-estate-project-apartments/for-sale/knokke-heist/8300/10300399,10300399,,8300,Knokke-Heist,,,APARTMENT_GROUP,APARTMENT_GROUP,,,,,0,,,,,,,
https://www.immoweb.be/en/classified/apartment/for-sale/ronse/9600/11090003,11090003,5500000,9600,Ronse,,,APARTMENT,APARTMENT,200,,,,1,,,,,,,
https://www.immoweb.be/en/classified/ground-floor/for-sale/knokke-heist/8300/10159254,10159254,5250000,8300,Knokke-Heist,,,APARTMENT,GROUND_FLOOR,4,,,,0,1,,1,400,218,,0
https://www.immoweb.be/en/classified/apartment/for-sale/cadzand/4506/11041520,11041520,5900000,4506,Cadzand,,,APARTMENT,APARTMENT,4,,,,1,1,,,,214,,1
https://www.immoweb.be/en/classified/apartment/for-sale/knokke-heist/8300/10553771,10553771,5995000,8300,Knokke-Heist,,,APARTMENT,APARTMENT,3,,,,0,,,,,,,
https://www.immoweb.be/en/classified/duplex/for-sale/knokke/8300/10551957,10551957,5995000,8300,Knokke,,,APARTMENT,DUPLEX,3,,,,0,1,25,,,283,,
https://www.immoweb.be/en/classified/apartment/for-sale/knokke-heist/8300/10590162,10590162,5995000,8300,Knokke-Heist,,,APARTMENT,APARTMENT,3,,,,0,1,,,,258,,0
https://www.immoweb.be/en/classified/apartment/for-sale/knokke/8300/10552044,10552044,5995000,8300,Knokke,,,APARTMENT,APARTMENT,3,,,,0,1,,,,283,,0
https://www.immoweb.be/en/classified/new-real-estate-project-apartments/for-sale/knokke-heist/8300/11116686,11116686,,8300,Knokke-Heist,,,APARTMENT_GROUP,APARTMENT_GROUP,,,,,0,,,,,,,
https://www.immoweb.be/en/classified/penthouse/for-sale/knokke-heist/8300/10593948,10593948,5995000,8300,Knokke-Heist,2023,AS_NEW,APARTMENT,PENTHOUSE,3,,USA_HYPER_EQUIPPED,,0,1,25,,,258,"(None,)",
https://www.immoweb.be/en/classified/penthouse/for-sale/knokke-heist/8300/10638862,10638862,5995000,8300,Knokke-Heist,,,APARTMENT,PENTHOUSE,3,,,,0,1,,,,308,,0
https://www.immoweb.be/en/classified/apartment/for-sale/knokke-heist/8300/10668782,10668782,5995000,8300,Knokke-Heist,,,APARTMENT,APARTMENT,3,,,,0,1,,,,283,,
https://www.immoweb.be/en/classified/apartment/for-sale/knokke-heist/8300/11110030,11110030,5995000,8300,Knokke-Heist,,,APARTMENT,APARTMENT,3,,,,0,,,,,258,,
https://www.immoweb.be/en/classified/new-real-estate-project-apartments/for-sale/knokke-heist/8300/9838928,9838928,,8300,Knokke-Heist,,,APARTMENT_GROUP,APARTMENT_GROUP,,,,,0,,,,,,,
https://www.immoweb.be/en/classified/duplex/for-sale/knokke/8300/9951563,9951563,8100000,8300,Knokke,,,APARTMENT,DUPLEX,3,,,,0,,,,,427,,
https://www.immoweb.be/en/classified/apartment/for-sale/gent/9000/11034284,11034284,9999999,9000,Gent,,,APARTMENT,APARTMENT,2,,,,0,,,,,,,
https://www.immoweb.be/en/classified/apartment/for-sale/bruxelles/1000/11108192,11108192,290000,1000,Bruxelles,,,APARTMENT,APARTMENT,1,,,,0,,,,,60,,0
https://www.immoweb.be/en/classified/duplex/for-sale/bruxelles/1000/11096855,11096855,475000,1000,Bruxelles,1900,AS_NEW,APARTMENT,DUPLEX,3,,HYPER_EQUIPPED,,0,1,6,,,155,"(2,)",0
https://www.immoweb.be/en/classified/apartment/for-sale/bruxelles/1000/11109704,11109704,595000,1000,Bruxelles,,,APARTMENT,APARTMENT,2,,,,0,1,30,,,105,,
https://www.immoweb.be/en/classified/apartment/for-sale/bruxelles/1000/11117933,11117933,420000,1000,Bruxelles,,,APARTMENT,APARTMENT,1,,,,0,,,,,98,,1
https://www.immoweb.be/en/classified/penthouse/for-sale/bruxelles/1000/11128582,11128582,1590000,1000,Bruxelles,,,APARTMENT,PENTHOUSE,4,,,,0,1,35,,,320,,0
https://www.immoweb.be/en/classified/new-real-estate-project-apartments/for-sale/brussels-city/1000/11105993,11105993,,1000,Brussels City,,,APARTMENT_GROUP,APARTMENT_GROUP,,,,,0,,,,,,,
https://www.immoweb.be/en/classified/new-real-estate-project-apartments/for-sale/brussels-city/1000/11105895,11105895,,1000,Brussels City,,,APARTMENT_GROUP,APARTMENT_GROUP,,,,,0,,,,,,,
https://www.immoweb.be/en/classified/new-real-estate-project-apartments/for-sale/bruxelles/1000/11104447,11104447,,1000,Bruxelles,,,APARTMENT_GROUP,APARTMENT_GROUP,,,,,0,,,,,,,
https://www.immoweb.be/en/classified/new-real-estate-project-apartments/for-sale/bruxelles/1000/11104340,11104340,,1000,Bruxelles,,,APARTMENT_GROUP,APARTMENT_GROUP,,,,,0,,,,,,,
https://www.immoweb.be/en/classified/new-real-estate-project-apartments/for-sale/brussels-city/1000/11104267,11104267,,1000,Brussels City,,,APARTMENT_GROUP,APARTMENT_GROUP,,,,,0,,,,,,,
https://www.immoweb.be/en/classified/new-real-estate-project-apartments/for-sale/bruxelles/1000/11104320,11104320,,1000,Bruxelles,,,APARTMENT_GROUP,APARTMENT_GROUP,,,,,0,,,,,,,
https://www.immoweb.be/en/classified/new-real-estate-project-apartments/for-sale/bruxelles/1000/11104246,11104246,,1000,Bruxelles,,,APARTMENT_GROUP,APARTMENT_GROUP,,,,,0,,,,,,,
https://www.immoweb.be/en/classified/new-real-estate-project-apartments/for-sale/brussels-city/1000/11105894,11105894,,1000,Brussels City,,,APARTMENT_GROUP,APARTMENT_GROUP,,,,,0,,,,,,,
https://www.immoweb.be/en/classified/new-real-estate-project-apartments/for-sale/bruxelles/1000/11104190,11104190,,1000,Bruxelles,,,APARTMENT_GROUP,APARTMENT_GROUP,,,,,0,,,,,,,
https://www.immoweb.be/en/classified/new-real-estate-project-apartments/for-sale/brussels/1000/11104605,11104605,,1000,Brussels,,,APARTMENT_GROUP,APARTMENT_GROUP,,,,,0,,,,,,,
https://www.immoweb.be/en/classified/apartment/for-sale/brussels-city/1000/11108003,11108003,210000,1000,Brussels City,,,APARTMENT,APARTMENT,1,,,,1,1,4,,,54,,
https://www.immoweb.be/en/classified/new-real-estate-project-apartments/for-sale/bruxelles/1000/11104380,11104380,,1000,Bruxelles,,,APARTMENT_GROUP,APARTMENT_GROUP,,,,,0,,,,,,,
https://www.immoweb.be/en/classified/new-real-estate-project-apartments/for-sale/brussels-city/1000/11105896,11105896,,1000,Brussels City,,,APARTMENT_GROUP,APARTMENT_GROUP,,,,,0,,,,,,,
https://www.immoweb.be/en/classified/new-real-estate-project-apartments/for-sale/bruxelles/1000/11104494,11104494,,1000,Bruxelles,,,APARTMENT_GROUP,APARTMENT_GROUP,,,,,0,,,,,,,
https://www.immoweb.be/en/classified/apartment/for-sale/bruxelles/1000/11120340,11120340,265000,1000,Bruxelles,2005,GOOD,APARTMENT,APARTMENT,2,,USA_INSTALLED,,0,,,,,86,"(2,)",0
https://www.immoweb.be/en/classified/new-real-estate-project-apartments/for-sale/bruxelles/1000/11104291,11104291,,1000,Bruxelles,,,APARTMENT_GROUP,APARTMENT_GROUP,,,,,0,,,,,,,
https://www.immoweb.be/en/classified/new-real-estate-project-apartments/for-sale/bruxelles/1000/11108330,11108330,,1000,BRUXELLES,,,APARTMENT_GROUP,APARTMENT_GROUP,,,,,0,,,,,,,
https://www.immoweb.be/en/classified/apartment/for-sale/bruxelles/1000/11109500,11109500,365000,1000,Bruxelles,,,APARTMENT,APARTMENT,2,,,,0,1,10,,,99,,0
https://www.immoweb.be/en/classified/apartment/for-sale/bruxelles/1000/11109501,11109501,364000,1000,Bruxelles,,,APARTMENT,APARTMENT,2,,,,0,1,8,,,92,,0
https://www.immoweb.be/en/classified/new-real-estate-project-apartments/for-sale/bruxelles/1000/11112295,11112295,,1000,BRUXELLES,,,APARTMENT_GROUP,APARTMENT_GROUP,,,,,0,,,,,,,
https://www.immoweb.be/en/classified/apartment/for-sale/bruxelles/1000/11109502,11109502,325000,1000,Bruxelles,,,APARTMENT,APARTMENT,2,,,,0,,,,,92,,0
https://www.immoweb.be/en/classified/penthouse/for-sale/bruxelles/1000/11109514,11109514,326000,1000,Bruxelles,,,APARTMENT,PENTHOUSE,2,,,,0,1,6,,,81,,0
https://www.immoweb.be/en/classified/apartment/for-sale/brussels-city/1000/11120651,11120651,195000,1000,Brussels City,,,APARTMENT,APARTMENT,1,,,,1,1,3,,,33,,
https://www.immoweb.be/en/classified/apartment/for-sale/brussels-city/1000/11116006,11116006,250000,1000,Brussels City,1994,GOOD,APARTMENT,APARTMENT,1,,HYPER_EQUIPPED,,0,1,5,,,42,"(2,)",
https://www.immoweb.be/en/classified/apartment/for-sale/bruxelles/1000/11125618,11125618,800000,1000,Bruxelles,,,APARTMENT,APARTMENT,2,,,,0,,,,,150,,0
https://www.immoweb.be/en/classified/apartment/for-sale/tournai/7500/11095398,11095398,25000,7500,Tournai,,,APARTMENT,APARTMENT,2,,,,0,,,,,,,0
https://www.immoweb.be/en/classified/new-real-estate-project-apartments/for-sale/wilsele/3012/10555611,10555611,,3012,Wilsele,,,APARTMENT_GROUP,APARTMENT_GROUP,,,,,0,,,,,,,
https://www.immoweb.be/en/classified/new-real-estate-project-apartments/for-sale/houthulst/8650/10366330,10366330,,8650,Houthulst,,,APARTMENT_GROUP,APARTMENT_GROUP,,,,,0,,,,,,,
https://www.immoweb.be/en/classified/apartment/for-sale/verviers/4800/10927349,10927349,15000,4800,Verviers,,,APARTMENT,APARTMENT,0,,,,0,,,,,,,0
https://www.immoweb.be/en/classified/new-real-estate-project-apartments/for-sale/de-klinge/9170/10141588,10141588,,9170,DE KLINGE,,,APARTMENT_GROUP,APARTMENT_GROUP,,,,,0,,,,,,,
https://www.immoweb.be/en/classified/new-real-estate-project-apartments/for-sale/harelbeke/8530/11091431,11091431,,8530,Harelbeke,,,APARTMENT_GROUP,APARTMENT_GROUP,,,,,0,,,,,,,
https://www.immoweb.be/en/classified/new-real-estate-project-apartments/for-sale/ninove/9400/10981218,10981218,,9400,Ninove,,,APARTMENT_GROUP,APARTMENT_GROUP,,,,,0,,,,,,,
https://www.immoweb.be/en/classified/apartment/for-sale/knocke-heyst/8301/10946536,10946536,15000,8301,Knocke-Heyst,,,APARTMENT,APARTMENT,1,,,,0,1,8,1,60000,50,,1
https://www.immoweb.be/en/classified/new-real-estate-project-apartments/for-sale/sint-gillis-waas/9170/10816701,10816701,,9170,Sint-Gillis-Waas,,,APARTMENT_GROUP,APARTMENT_GROUP,,,,,0,,,,,,,
https://www.immoweb.be/en/classified/duplex/for-sale/marchienne-au-pont/6030/10704860,10704860,14999,6030,Marchienne-au-Pont,,,APARTMENT,DUPLEX,3,,,,0,1,26,,,97,,0
https://www.immoweb.be/en/classified/loft/for-sale/antwerp/2660/11124504,11124504,3200,2660,Antwerp,,,APARTMENT,LOFT,0,,,,1,,,,,,,
https://www.immoweb.be/en/classified/new-real-estate-project-apartments/for-sale/oostvleteren/8640/11083724,11083724,,8640,OOSTVLETEREN,,,APARTMENT_GROUP,APARTMENT_GROUP,,,,,0,,,,,,,
https://www.immoweb.be/en/classified/new-real-estate-project-apartments/for-sale/wemmel/1780/10294649,10294649,,1780,Wemmel,,,APARTMENT_GROUP,APARTMENT_GROUP,,,,,0,,,,,,,
https://www.immoweb.be/en/classified/apartment/for-sale/bilzen/3740/11128910,11128910,2500,3740,Bilzen,,,APARTMENT,APARTMENT,2,,,,0,1,15,,,96,,
https://www.immoweb.be/en/classified/villa/for-sale/knokke-heist/8300/10742040,10742040,6950000,8300,Knokke-Heist,1972,TO_RENOVATE,HOUSE,VILLA,5,1611,INSTALLED,,0,1,,,,355,"(4,)",0
https://www.immoweb.be/en/classified/new-real-estate-project-apartments/for-sale/bilzen/3740/11128909,11128909,,3740,Bilzen,,,APARTMENT_GROUP,APARTMENT_GROUP,,,,,0,,,,,,,
https://www.immoweb.be/en/classified/villa/for-sale/het-zoute/8300/10909144,10909144,6950000,8300,Het Zoute,1973,TO_RENOVATE,HOUSE,VILLA,5,1613,HYPER_EQUIPPED,,1,1,,1,1350,355,"(4,)",
https://www.immoweb.be/en/classified/villa/for-sale/knokke-heist-knokke/8300/10887802,10887802,6995000,8300,Knokke-Heist Knokke,,,HOUSE,VILLA,8,,,,0,1,,,,900,,1
https://www.immoweb.be/en/classified/villa/for-sale/knokke/8300/10506242,10506242,6995000,8300,Knokke,,,HOUSE,VILLA,7,,,,0,,,,,900,,
https://www.immoweb.be/en/classified/villa/for-sale/knokke-heist/8300/10887917,10887917,6995000,8300,Knokke-Heist,2006,AS_NEW,HOUSE,VILLA,6,2700,HYPER_EQUIPPED,,0,1,,,,593,"(4,)",1
https://www.immoweb.be/en/classified/villa/for-sale/het-zoute/8300/10502214,10502214,6995000,8300,het Zoute,,,HOUSE,VILLA,8,,,,0,,,,,900,,1
https://www.immoweb.be/en/classified/house/for-sale/grez-doiceau/1390/10833563,10833563,7500000,1390,Grez-Doiceau,2009,AS_NEW,HOUSE,HOUSE,7,13154,USA_HYPER_EQUIPPED,,0,1,260,,,1288,"(4,)",1
https://www.immoweb.be/en/classified/exceptional-property/for-sale/knokke-heist/8300/10887262,10887262,6995000,8300,Knokke-Heist,1999,GOOD,HOUSE,EXCEPTIONAL_PROPERTY,8,2690,HYPER_EQUIPPED,,0,1,,1,2690,900,"(4,)",1
https://www.immoweb.be/en/classified/villa/for-sale/grez-doiceau/1390/10447218,10447218,7500000,1390,Grez-Doiceau,,AS_NEW,HOUSE,VILLA,5,13154,HYPER_EQUIPPED,,0,1,200,,,1200,"(4,)",1
https://www.immoweb.be/en/classified/house/for-sale/grez-doiceau/1390/10445148,10445148,7500000,1390,Grez-Doiceau,2009,AS_NEW,HOUSE,HOUSE,6,13154,HYPER_EQUIPPED,,0,1,130,1,13154,1288,"(4,)",1
https://www.immoweb.be/en/classified/villa/for-sale/grez-doiceau/1390/10443763,10443763,7500000,1390,Grez-Doiceau,,,HOUSE,VILLA,6,,,,1,1,,,,1290,,1
https://www.immoweb.be/en/classified/villa/for-sale/knokke-heist-knokke/8300/10753775,10753775,7650000,8300,Knokke-Heist Knokke,1988,AS_NEW,HOUSE,VILLA,7,2031,USA_HYPER_EQUIPPED,,0,1,,,,578,"(4,)",1
https://www.immoweb.be/en/classified/house/for-sale/knokke-zoute/8300/11032475,11032475,7650000,8300,Knokke-Zoute,1988,AS_NEW,HOUSE,HOUSE,7,2031,HYPER_EQUIPPED,,0,,,,,578,"(4,)",
https://www.immoweb.be/en/classified/exceptional-property/for-sale/liege/4000/11066133,11066133,7950000,4000,Liège,,,HOUSE,EXCEPTIONAL_PROPERTY,35,,,,0,,,,,5596,,0
https://www.immoweb.be/en/classified/villa/for-sale/knokke-heist-knokke/8300/10974852,10974852,7850000,8300,Knokke-Heist Knokke,,AS_NEW,HOUSE,VILLA,4,1198,HYPER_EQUIPPED,,0,1,,,,363,"(4,)",0
https://www.immoweb.be/en/classified/apartment-block/for-sale/bruxelles/1000/10452091,10452091,8000000,1000,Bruxelles,,,HOUSE,APARTMENT_BLOCK,0,,,,1,,,,,1950,,0
https://www.immoweb.be/en/classified/mansion/for-sale/bruxelles/1050/11072887,11072887,8500000,1050,Bruxelles,,,HOUSE,MANSION,6,,,,1,1,1,1,1,950,,0
https://www.immoweb.be/en/classified/villa/for-sale/lasne/1380/10728057,10728057,9000000,1380,Lasne,2018,AS_NEW,HOUSE,VILLA,5,84000,USA_HYPER_EQUIPPED,,0,1,,,,1000,"(4,)",1
https://www.immoweb.be/en/classified/apartment-block/for-sale/charleroi/6010/11013620,11013620,9300000,6010,Charleroi,2021,JUST_RENOVATED,HOUSE,APARTMENT_BLOCK,100,12000,USA_HYPER_EQUIPPED,,0,1,10,1,3000,5000,"(4,)",0
https://www.immoweb.be/en/classified/villa/for-sale/brasschaat/2930/11095027,11095027,9750000,2930,Brasschaat,,,HOUSE,VILLA,6,,,,0,,,,,1484,,1
https://www.immoweb.be/en/classified/apartment-block/for-sale/leuven/3000/10626889,10626889,9250000,3000,Leuven,,AS_NEW,HOUSE,APARTMENT_BLOCK,0,1255,INSTALLED,,0,1,,,,,"(2,)",
https://www.immoweb.be/en/classified/villa/for-sale/brasschaat/2930/11023593,11023593,9750000,2930,Brasschaat,,,HOUSE,VILLA,6,,,,0,,,,,1569,,
https://www.immoweb.be/en/classified/villa/for-sale/brasschaat/2930/11033132,11033132,9750000,2930,Brasschaat,,,HOUSE,VILLA,6,,,,0,,,,,1484,,
https://www.immoweb.be/en/classified/house/for-sale/evergem/9940/11027949,11027949,9999999,9940,Evergem,,,HOUSE,HOUSE,0,,,,0,,,1,1050,1050,,0
https://www.immoweb.be/en/classified/villa/for-sale/gerpinnes/6280/10625164,10625164,9999999,6280,Gerpinnes,,,HOUSE,VILLA,16,,,,0,1,,,,1816,,
https://www.immoweb.be/en/classified/apartment-block/for-sale/mons/7000/11066875,11066875,15000000,7000,Mons,1930,,HOUSE,APARTMENT_BLOCK,70,43000,NOT_INSTALLED,,0,,,,,8800,"(4,)",
https://www.immoweb.be/en/classified/villa/for-sale/knokke-heist-knokke/8300/10866414,10866414,15000000,8300,Knokke-Heist Knokke,2025,AS_NEW,HOUSE,VILLA,5,2337,USA_HYPER_EQUIPPED,,0,1,,,,1058,"(4,)",1
https://www.immoweb.be/en/classified/apartment-block/for-sale/havre/7021/11059876,11059876,15000000,7021,Havré,,,HOUSE,APARTMENT_BLOCK,0,43300,NOT_INSTALLED,,1,,,,,8797,"(4,)",
https://www.immoweb.be/en/classified/apartment/for-sale/oud-turnhout/2360/11130440,11130440,317130,2360,Oud-Turnhout,2022,,APARTMENT,APARTMENT,2,,INSTALLED,,1,1,20,,,93,"(None,)",
https://www.immoweb.be/en/classified/ground-floor/for-sale/oud-turnhout/2360/11130441,11130441,376050,2360,Oud-Turnhout,2022,,APARTMENT,GROUND_FLOOR,2,,INSTALLED,,1,1,10,,,109,"(None,)",
https://www.immoweb.be/en/classified/apartment/for-sale/oud-turnhout/2360/11130439,11130439,513190,2360,Oud-Turnhout,2022,,APARTMENT,APARTMENT,2,,INSTALLED,,1,1,54,,,152,"(None,)",
https://www.immoweb.be/en/classified/ground-floor/for-sale/oud-turnhout/2360/11130442,11130442,305026,2360,Oud-Turnhout,2022,,APARTMENT,GROUND_FLOOR,2,,INSTALLED,,1,1,10,,,90,"(None,)",
https://www.immoweb.be/en/classified/house/for-sale/havre/7021/8703998,8703998,15000000,7021,HAVRE,,,HOUSE,HOUSE,70,,,,1,,,,,10000,,
https://www.immoweb.be/en/classified/apartment/for-sale/oud-turnhout/2360/11130443,11130443,320540,2360,Oud-Turnhout,2022,,APARTMENT,APARTMENT,2,,INSTALLED,,1,1,18,,,94,"(None,)",
https://www.immoweb.be/en/classified/apartment/for-sale/oud-turnhout/2360/11130444,11130444,376050,2360,Oud-Turnhout,2022,,APARTMENT,APARTMENT,2,,INSTALLED,,1,1,23,,,109,"(None,)",
https://www.immoweb.be/en/classified/apartment/for-sale/oud-turnhout/2360/11130446,11130446,311805,2360,Oud-Turnhout,2022,,APARTMENT,APARTMENT,2,,INSTALLED,,1,1,24,,,92,"(None,)",
https://www.immoweb.be/en/classified/apartment/for-sale/oud-turnhout/2360/11130445,11130445,305026,2360,Oud-Turnhout,2022,,APARTMENT,APARTMENT,2,,INSTALLED,,1,1,27,,,90,"(None,)",
https://www.immoweb.be/en/classified/apartment/for-sale/oud-turnhout/2360/11130447,11130447,320500,2360,Oud-Turnhout,2022,,APARTMENT,APARTMENT,2,,INSTALLED,,1,1,18,,,94,"(None,)",
https://www.immoweb.be/en/classified/apartment/for-sale/oud-turnhout/2360/11130449,11130449,376050,2360,Oud-Turnhout,2022,,APARTMENT,APARTMENT,2,,INSTALLED,,1,1,23,,,109,"(None,)",
https://www.immoweb.be/en/classified/apartment/for-sale/oud-turnhout/2360/11130448,11130448,311805,2360,Oud-Turnhout,2022,,APARTMENT,APARTMENT,2,,INSTALLED,,1,1,20,,,92,"(3,)",
https://www.immoweb.be/en/classified/apartment/for-sale/oud-turnhout/2360/11130450,11130450,338085,2360,Oud-Turnhout,2022,,APARTMENT,APARTMENT,2,,INSTALLED,,1,1,27,,,99,"(None,)",
https://www.immoweb.be/en/classified/apartment/for-sale/oud-turnhout/2360/11130451,11130451,320500,2360,Oud-Turnhout,2022,,APARTMENT,APARTMENT,2,,INSTALLED,,1,1,18,,,94,"(None,)",
https://www.immoweb.be/en/classified/ground-floor/for-sale/oud-turnhout/2360/11130454,11130454,297000,2360,Oud-Turnhout,2022,,APARTMENT,GROUND_FLOOR,2,,INSTALLED,,1,1,13,,,105,"(None,)",
https://www.immoweb.be/en/classified/ground-floor/for-sale/oud-turnhout/2360/11130453,11130453,297000,2360,Oud-Turnhout,2022,,APARTMENT,GROUND_FLOOR,2,,INSTALLED,,1,1,13,,,105,"(None,)",
https://www.immoweb.be/en/classified/apartment/for-sale/oud-turnhout/2360/11130455,11130455,326000,2360,Oud-Turnhout,2022,,APARTMENT,APARTMENT,2,,INSTALLED,,1,1,25,,,105,"(None,)",
https://www.immoweb.be/en/classified/apartment/for-sale/oud-turnhout/2360/11130452,11130452,311805,2360,Oud-Turnhout,2022,,APARTMENT,APARTMENT,2,,INSTALLED,,1,1,20,,,92,"(None,)",
https://www.immoweb.be/en/classified/apartment/for-sale/oud-turnhout/2360/11130456,11130456,326000,2360,Oud-Turnhout,2022,,APARTMENT,APARTMENT,2,,INSTALLED,,1,1,25,,,105,"(None,)",
https://www.immoweb.be/en/classified/apartment/for-sale/oud-turnhout/2360/11130458,11130458,326000,2360,Oud-Turnhout,2022,,APARTMENT,APARTMENT,2,,INSTALLED,,1,1,25,,,105,"(None,)",
https://www.immoweb.be/en/classified/apartment/for-sale/oud-turnhout/2360/11130459,11130459,326000,2360,Oud-Turnhout,2022,,APARTMENT,APARTMENT,2,,INSTALLED,,1,1,25,,,105,"(None,)",
https://www.immoweb.be/en/classified/apartment/for-sale/oud-turnhout/2360/11130457,11130457,272000,2360,Oud-Turnhout,2022,,APARTMENT,APARTMENT,2,,INSTALLED,,1,1,18,,,88,"(None,)",
https://www.immoweb.be/en/classified/ground-floor/for-sale/oud-turnhout/2360/11130465,11130465,300000,2360,Oud-Turnhout,2022,,APARTMENT,GROUND_FLOOR,2,,INSTALLED,,1,1,13,,,106,"(None,)",
https://www.immoweb.be/en/classified/apartment/for-sale/oud-turnhout/2360/11130461,11130461,326000,2360,Oud-Turnhout,2022,,APARTMENT,APARTMENT,2,,INSTALLED,,1,1,25,,,105,"(None,)",
https://www.immoweb.be/en/classified/apartment/for-sale/oud-turnhout/2360/11130460,11130460,334000,2360,Oud-Turnhout,2022,,APARTMENT,APARTMENT,2,,INSTALLED,,1,1,27,,,107,"(None,)",
https://www.immoweb.be/en/classified/penthouse/for-sale/hasselt/3500/11130525,11130525,645000,3500,Hasselt,,,APARTMENT,PENTHOUSE,2,,,,1,1,72,,,116,,0
https://www.immoweb.be/en/classified/service-flat/for-sale/oostende/8400/11130533,11130533,335000,8400,Oostende,,,APARTMENT,SERVICE_FLAT,1,,,,0,1,11,,,71,,
https://www.immoweb.be/en/classified/apartment/for-sale/ixelles/1050/11126024,11126024,419000,1050,Ixelles,,,APARTMENT,APARTMENT,2,,,,0,1,5,,,125,,0
https://www.immoweb.be/en/classified/loft/for-sale/kortrijk/8500/11126529,11126529,465000,8500,Kortrijk,1908,GOOD,APARTMENT,LOFT,2,,INSTALLED,,1,,,,,180,"(2,)",
https://www.immoweb.be/en/classified/apartment/for-sale/beerse/2340/11130529,11130529,1195000,2340,Beerse,,GOOD,APARTMENT,APARTMENT,12,,SEMI_EQUIPPED,,1,1,,1,,530,"(4,)",
https://www.immoweb.be/en/classified/new-real-estate-project-apartments/for-sale/oud-turnhout/2360/11130468,11130468,,2360,Oud-Turnhout,,,APARTMENT_GROUP,APARTMENT_GROUP,,,,,0,,,,,,,
https://www.immoweb.be/en/classified/apartment/for-sale/oostende/8400/11130486,11130486,259900,8400,Oostende,,,APARTMENT,APARTMENT,2,,,,0,,,,,93,,
https://www.immoweb.be/en/classified/apartment/for-sale/antwerpen-berchem/2600/11125628,11125628,379500,2600,Antwerpen Berchem,,,APARTMENT,APARTMENT,2,,,,0,1,20,,,123,,0
https://www.immoweb.be/en/classified/apartment/for-sale/gooik/1755/11127025,11127025,269000,1755,GOOIK,,,APARTMENT,APARTMENT,2,,,,0,,,,,119,,
https://www.immoweb.be/en/classified/apartment/for-sale/lier/2500/11126262,11126262,279000,2500,LIER,,,APARTMENT,APARTMENT,2,,,,0,1,,,,93,,
https://www.immoweb.be/en/classified/apartment/for-sale/liege/4000/11125650,11125650,179000,4000,Liège,,,APARTMENT,APARTMENT,2,,,,0,1,8,,,102,,0
https://www.immoweb.be/en/classified/new-real-estate-project-apartments/for-sale/seraing/4100/11126832,11126832,,4100,Seraing,,,APARTMENT_GROUP,APARTMENT_GROUP,,,,,0,,,,,,,
https://www.immoweb.be/en/classified/new-real-estate-project-apartments/for-sale/gent/9000/11125904,11125904,,9000,Gent,,,APARTMENT_GROUP,APARTMENT_GROUP,,,,,0,,,,,,,
https://www.immoweb.be/en/classified/new-real-estate-project-apartments/for-sale/sleidinge/9940/11125812,11125812,,9940,Sleidinge,,,APARTMENT_GROUP,APARTMENT_GROUP,,,,,0,,,,,,,
https://www.immoweb.be/en/classified/new-real-estate-project-apartments/for-sale/evergem/9940/11125862,11125862,,9940,Evergem,,,APARTMENT_GROUP,APARTMENT_GROUP,,,,,0,,,,,,,
https://www.immoweb.be/en/classified/new-real-estate-project-apartments/for-sale/gent/9000/11129291,11129291,,9000,Gent,,,APARTMENT_GROUP,APARTMENT_GROUP,,,,,0,,,,,,,
https://www.immoweb.be/en/classified/duplex/for-sale/ixelles/1050/11128434,11128434,1150000,1050,Ixelles,,,APARTMENT,DUPLEX,3,,,,0,1,30,,,220,,0
https://www.immoweb.be/en/classified/apartment/for-sale/deinze/9800/11128376,11128376,270000,9800,Deinze,2022,AS_NEW,APARTMENT,APARTMENT,1,,HYPER_EQUIPPED,,0,1,10,,,61,"(2,)",0
https://www.immoweb.be/en/classified/new-real-estate-project-apartments/for-sale/aalst/9300/11127856,11127856,,9300,AALST,,,APARTMENT_GROUP,APARTMENT_GROUP,,,,,0,,,,,,,
https://www.immoweb.be/en/classified/apartment/for-sale/uccle/1180/11128144,11128144,595000,1180,Uccle,,,APARTMENT,APARTMENT,3,,,,0,1,20,,,145,,0
https://www.immoweb.be/en/classified/new-real-estate-project-apartments/for-sale/gent/9000/11128325,11128325,,9000,Gent,,,APARTMENT_GROUP,APARTMENT_GROUP,,,,,0,,,,,,,
https://www.immoweb.be/en/classified/apartment/for-sale/blankenberge/8370/11129677,11129677,295000,8370,BLANKENBERGE,,,APARTMENT,APARTMENT,2,,,,0,1,,,,76,,
https://www.immoweb.be/en/classified/apartment/for-sale/neupre/4120/11128597,11128597,279000,4120,Neupré,1999,GOOD,APARTMENT,APARTMENT,3,,INSTALLED,,0,,,,,127,"(2,)",0
https://www.immoweb.be/en/classified/apartment/for-sale/gavere/9890/11118076,11118076,419760,9890,Gavere,2021,AS_NEW,APARTMENT,APARTMENT,2,,HYPER_EQUIPPED,,0,1,11,,,165,"(4,)",0
https://www.immoweb.be/en/classified/new-real-estate-project-apartments/for-sale/deinze/9800/11129290,11129290,,9800,Deinze,,,APARTMENT_GROUP,APARTMENT_GROUP,,,,,0,,,,,,,
https://www.immoweb.be/en/classified/apartment/for-sale/wavre/1300/11129211,11129211,269000,1300,Wavre,,,APARTMENT,APARTMENT,2,,,,1,1,6,,,100,,
https://www.immoweb.be/en/classified/new-real-estate-project-apartments/for-sale/deinze/9800/11128365,11128365,,9800,Deinze,,,APARTMENT_GROUP,APARTMENT_GROUP,,,,,0,,,,,,,
https://www.immoweb.be/en/classified/apartment/for-sale/gavere/9890/11118080,11118080,377150,9890,Gavere,2021,AS_NEW,APARTMENT,APARTMENT,3,,HYPER_EQUIPPED,,0,1,11,,,126,"(4,)",0
https://www.immoweb.be/en/classified/apartment/for-sale/gavere/9890/11118083,11118083,373650,9890,Gavere,2021,AS_NEW,APARTMENT,APARTMENT,2,,HYPER_EQUIPPED,,0,1,11,,,126,"(4,)",0
https://www.immoweb.be/en/classified/apartment/for-sale/gavere/9890/11118088,11118088,368500,9890,Gavere,2021,AS_NEW,APARTMENT,APARTMENT,3,,HYPER_EQUIPPED,,0,1,10,,,112,"(4,)",0
https://www.immoweb.be/en/classified/apartment/for-sale/gavere/9890/11118086,11118086,368500,9890,Gavere,2021,AS_NEW,APARTMENT,APARTMENT,3,,HYPER_EQUIPPED,,0,1,10,,,111,"(4,)",0
https://www.immoweb.be/en/classified/apartment/for-sale/gavere/9890/11118087,11118087,335700,9890,Gavere,2021,AS_NEW,APARTMENT,APARTMENT,2,,HYPER_EQUIPPED,,0,1,10,,,97,"(4,)",0
https://www.immoweb.be/en/classified/apartment/for-sale/gavere/9890/11118089,11118089,324200,9890,Gavere,2021,AS_NEW,APARTMENT,APARTMENT,2,,HYPER_EQUIPPED,,0,1,10,,,97,"(4,)",0
https://www.immoweb.be/en/classified/apartment/for-sale/gavere/9890/11118079,11118079,275450,9890,Gavere,2021,AS_NEW,APARTMENT,APARTMENT,1,,HYPER_EQUIPPED,,0,1,11,,,76,"(4,)",0
https://www.immoweb.be/en/classified/duplex/for-sale/willebroek/2830/11130535,11130535,264000,2830,Willebroek,,,APARTMENT,DUPLEX,3,,,,0,,,,,142,,
https://www.immoweb.be/en/classified/new-real-estate-project-apartments/for-sale/hoogstraten/2320/10779619,10779619,,2320,Hoogstraten,,,APARTMENT_GROUP,APARTMENT_GROUP,,,,,0,,,,,,,
https://www.immoweb.be/en/classified/mixed-use-building/for-sale/bruxelles/1000/11077810,11077810,22500000,1000,Bruxelles,,,HOUSE,MIXED_USE_BUILDING,0,,,,0,,,,,,,
https://www.immoweb.be/en/classified/apartment/for-sale/gavere/9890/11118082,11118082,269700,9890,Gavere,2021,AS_NEW,APARTMENT,APARTMENT,1,,HYPER_EQUIPPED,,0,1,11,,,76,"(4,)",
https://www.immoweb.be/en/classified/house/for-sale/colfontaine/7340/11029218,11029218,31000,7340,Colfontaine,,,HOUSE,HOUSE,1,,,,0,,,,,40,,
https://www.immoweb.be/en/classified/house/for-sale/jemappes/7012/10913094,10913094,30000,7012,Jemappes,,,HOUSE,HOUSE,1,,,Notary Sale,0,,,,,,,
https://www.immoweb.be/en/classified/farmhouse/for-sale/gerpinnes/6280/11120564,11120564,30000,6280,Gerpinnes,,,HOUSE,FARMHOUSE,0,,,,0,,,1,38,45,,0
https://www.immoweb.be/en/classified/house/for-sale/anderlues/6150/11027933,11027933,30000,6150,Anderlues,,,HOUSE,HOUSE,3,,,Notary Sale,0,,,,,110,,
https://www.immoweb.be/en/classified/house/for-sale/tournai/7500/11056508,11056508,29000,7500,Tournai,,,HOUSE,HOUSE,2,,,Notary Sale,0,,,,,,,
https://www.immoweb.be/en/classified/other-property/for-sale/manage/7170/11120947,11120947,30000,7170,Manage,,,HOUSE,OTHER_PROPERTY,1,,,,0,,,,,449,,
https://www.immoweb.be/en/classified/apartment-block/for-sale/namur/5000/11121038,11121038,29500,5000,Namur,,,HOUSE,APARTMENT_BLOCK,0,,,,0,,,,,25,,
https://www.immoweb.be/en/classified/other-property/for-sale/gosselies/6041/10838407,10838407,29000,6041,Gosselies,,,HOUSE,OTHER_PROPERTY,1,,,,0,,,,,,,
https://www.immoweb.be/en/classified/house/for-sale/bruxelles/1050/11113289,11113289,27500,1050,Bruxelles,,,HOUSE,HOUSE,0,0,INSTALLED,,0,,,,,,"(2,)",
https://www.immoweb.be/en/classified/other-property/for-sale/andenne/5300/10945154,10945154,28000,5300,Andenne,,,HOUSE,OTHER_PROPERTY,3,,,,0,1,,,,200,,
https://www.immoweb.be/en/classified/new-real-estate-project-houses/for-sale/melsen/9820/10998275,10998275,,9820,Melsen,,,HOUSE_GROUP,HOUSE_GROUP,,,,,0,,,,,,,
https://www.immoweb.be/en/classified/chalet/for-sale/tohogne/6941/10918612,10918612,29000,6941,TOHOGNE,,,HOUSE,CHALET,2,,,,0,,,,,63,,0
https://www.immoweb.be/en/classified/house/for-sale/peruwelz-wiers/7608/10616595,10616595,25000,7608,Péruwelz Wiers,,GOOD,HOUSE,HOUSE,2,1801,NOT_INSTALLED,,0,1,,1,1266,198,"(3,)",0
https://www.immoweb.be/en/classified/house/for-sale/ittre/1460/10589286,10589286,25000,1460,Ittre,,,HOUSE,HOUSE,0,,,,0,,,,,,,
https://www.immoweb.be/en/classified/house/for-sale/hastiere-lavaux/5540/11030730,11030730,25000,5540,Hastière-Lavaux,,TO_RENOVATE,HOUSE,HOUSE,2,348,NOT_INSTALLED,,0,,,,,110,"(None,)",
https://www.immoweb.be/en/classified/mixed-use-building/for-sale/ham-sur-sambre/5190/11062819,11062819,25000,5190,HAM-SUR-SAMBRE,,,HOUSE,MIXED_USE_BUILDING,0,,,,0,,,,,,,
https://www.immoweb.be/en/classified/mixed-use-building/for-sale/bredene/8450/11037191,11037191,22000,8450,Bredene,,,HOUSE,MIXED_USE_BUILDING,0,,,,0,,,,,,,
https://www.immoweb.be/en/classified/house/for-sale/roselies/6250/10833911,10833911,20000,6250,ROSELIES,,,HOUSE,HOUSE,3,,,,0,1,,,,,,
https://www.immoweb.be/en/classified/bungalow/for-sale/liege/4000/10392917,10392917,19000,4000,Liège,,,HOUSE,BUNGALOW,1,,,,1,,,,,20,,
https://www.immoweb.be/en/classified/house/for-sale/fontaine-leveque/6140/10253669,10253669,20000,6140,FONTAINE-L'EVÊQUE,,,HOUSE,HOUSE,2,,,,1,,,1,200,133,,
https://www.immoweb.be/en/classified/house/for-sale/begijnendijk/3130/11028477,11028477,18000,3130,Begijnendijk,,,HOUSE,HOUSE,0,,,,0,,,,,,,
https://www.immoweb.be/en/classified/house/for-sale/charleroi/6000/11129358,11129358,18000,6000,Charleroi,,,HOUSE,,0,,,,0,,,,,18,,
https://www.immoweb.be/en/classified/other-property/for-sale/nivelles/1401/10977056,10977056,7777,1401,Nivelles,,,HOUSE,OTHER_PROPERTY,4,,,,0,,,,,,,0
https://www.immoweb.be/en/classified/chalet/for-sale/liege/4000/10392915,10392915,19000,4000,Liège,,,HOUSE,CHALET,1,,,,1,,,,,20,,
https://www.immoweb.be/en/classified/house/for-sale/jemappes/7012/10876495,10876495,8500,7012,Jemappes,,,HOUSE,HOUSE,0,17,NOT_INSTALLED,,0,,,,,,"(2,)",
https://www.immoweb.be/en/classified/new-real-estate-project-houses/for-sale/gavere-asper/9890/11066011,11066011,,9890,Gavere Asper,,,HOUSE_GROUP,HOUSE_GROUP,,,,,0,,,,,,,
https://www.immoweb.be/en/classified/farmhouse/for-sale/gembloux/5030/11125954,11125954,2500,5030,Gembloux,,,HOUSE,FARMHOUSE,7,,,,0,1,,,,1377,,
https://www.immoweb.be/en/classified/chalet/for-sale/esneux/4130/10769163,10769163,20000,4130,Esneux,,TO_RENOVATE,HOUSE,CHALET,1,461,NOT_INSTALLED,,0,1,15,1,338,65,"(4,)",0
https://www.immoweb.be/en/classified/new-real-estate-project-houses/for-sale/deerlijk/8540/11017085,11017085,,8540,Deerlijk,,,HOUSE_GROUP,HOUSE_GROUP,,,,,0,,,,,,,
https://www.immoweb.be/en/classified/house/for-sale/kluisbergen/9690/11127481,11127481,245000,9690,Kluisbergen,1962,TO_RENOVATE,HOUSE,HOUSE,3,750,SEMI_EQUIPPED,,1,1,,,,185,"(3,)",
https://www.immoweb.be/en/classified/villa/for-sale/woluwe-saint-lambert/1200/11118328,11118328,2475000,1200,WOLUWE-SAINT-LAMBERT,1930,AS_NEW,HOUSE,VILLA,5,2243,HYPER_EQUIPPED,,0,1,100,1,1800,366,"(4,)",1
https://www.immoweb.be/en/classified/house/for-sale/liege/4032/11118577,11118577,159000,4032,Liège,1918,TO_RENOVATE,HOUSE,HOUSE,3,325,SEMI_EQUIPPED,,0,1,29,1,192,177,"(2,)",0
https://www.immoweb.be/en/classified/mixed-use-building/for-sale/robertville/4950/10998008,10998008,2500,4950,Robertville,1930,GOOD,HOUSE,MIXED_USE_BUILDING,7,1918,,,0,1,,1,1410,683,"(4,)",0
https://www.immoweb.be/en/classified/mansion/for-sale/ronse/9600/11128253,11128253,795000,9600,Ronse,1927,AS_NEW,HOUSE,MANSION,5,1919,INSTALLED,,1,1,,1,,428,"(4,)",
https://www.immoweb.be/en/classified/house/for-sale/seraing/4100/11016538,11016538,150000,4100,Seraing,1875,TO_RENOVATE,HOUSE,HOUSE,6,230,SEMI_EQUIPPED,,0,1,34,1,130,190,"(2,)",0
https://www.immoweb.be/en/classified/new-real-estate-project-houses/for-sale/gent-mariakerke/9030/11118053,11118053,,9030,Gent Mariakerke,,,HOUSE_GROUP,HOUSE_GROUP,,,,,0,,,,,,,
https://www.immoweb.be/en/classified/apartment-block/for-sale/gent/9000/11128361,11128361,1170000,9000,Gent,1875,GOOD,HOUSE,APARTMENT_BLOCK,7,210,INSTALLED,,0,,,1,45,418,"(2,)",0
https://www.immoweb.be/en/classified/mansion/for-sale/dendermonde/9200/11129409,11129409,449000,9200,DENDERMONDE,1919,TO_BE_DONE_UP,HOUSE,MANSION,5,215,,,1,,,,,301,"(2,)",
https://www.immoweb.be/en/classified/house/for-sale/vilvoorde/1800/11119955,11119955,469000,1800,Vilvoorde,1978,JUST_RENOVATED,HOUSE,HOUSE,4,280,USA_HYPER_EQUIPPED,,0,1,15,1,60,165,"(2,)",0
https://www.immoweb.be/en/classified/house/for-sale/gent/9000/11119421,11119421,325000,9000,Gent,1946,GOOD,HOUSE,HOUSE,4,70,USA_INSTALLED,,0,1,7,,,135,"(2,)",0
https://www.immoweb.be/en/classified/new-real-estate-project-houses/for-sale/nazareth/9810/11119374,11119374,,9810,Nazareth,,,HOUSE_GROUP,HOUSE_GROUP,,,,,0,,,,,,,
https://www.immoweb.be/en/classified/new-real-estate-project-houses/for-sale/wielsbeke/8710/11121604,11121604,,8710,Wielsbeke,,,HOUSE_GROUP,HOUSE_GROUP,,,,,0,,,,,,,
https://www.immoweb.be/en/classified/house/for-sale/mechelen/2812/11077224,11077224,365000,2812,Mechelen,2000,AS_NEW,HOUSE,HOUSE,3,138,INSTALLED,,0,1,35,1,393,150,"(2,)",0
https://www.immoweb.be/en/classified/apartment-block/for-sale/forest/1190/11120343,11120343,599000,1190,Forest,1902,GOOD,HOUSE,APARTMENT_BLOCK,7,295,USA_INSTALLED,,0,1,20,1,145,261,"(2,)",0
https://www.immoweb.be/en/classified/new-real-estate-project-houses/for-sale/geest-gerompont-petit-rosiere/1367/11124309,11124309,,1367,GEEST-GEROMPONT-PETIT-ROSIÈRE,,,HOUSE_GROUP,HOUSE_GROUP,,,,,0,,,,,,,
https://www.immoweb.be/en/classified/bungalow/for-sale/waterloo/1410/11122971,11122971,495000,1410,Waterloo,1967,GOOD,HOUSE,BUNGALOW,3,504,INSTALLED,,0,1,37,1,,104,"(4,)",
https://www.immoweb.be/en/classified/house/for-sale/sprimont/4140/11123021,11123021,379900,4140,Sprimont,2013,AS_NEW,HOUSE,HOUSE,3,437,INSTALLED,,0,1,60,1,367,180,"(4,)",0
https://www.immoweb.be/en/classified/house/for-sale/ronse/9600/11119431,11119431,249900,9600,Ronse,2018,AS_NEW,HOUSE,HOUSE,4,196,INSTALLED,,0,1,30,1,101,165,"(2,)",0
https://www.immoweb.be/en/classified/new-real-estate-project-houses/for-sale/deinze/9800/11122711,11122711,,9800,Deinze,,,HOUSE_GROUP,HOUSE_GROUP,,,,,0,,,,,,,
https://www.immoweb.be/en/classified/house/for-sale/ronse/9600/11125957,11125957,119000,9600,Ronse,1930,TO_RENOVATE,HOUSE,HOUSE,3,230,SEMI_EQUIPPED,,0,1,8,1,130,126,"(2,)",0
https://www.immoweb.be/en/classified/house/for-sale/uccle/1180/11128291,11128291,650000,1180,Uccle,2006,AS_NEW,HOUSE,HOUSE,4,110,HYPER_EQUIPPED,,0,1,10,1,40,174,"(2,)",0
https://www.immoweb.be/en/classified/new-real-estate-project-houses/for-sale/gent-gentbrugge/9050/11128342,11128342,,9050,Gent Gentbrugge,,,HOUSE_GROUP,HOUSE_GROUP,,,,,0,,,,,,,
https://www.immoweb.be/en/classified/new-real-estate-project-houses/for-sale/gent-mariakerke/9030/11128350,11128350,,9030,Gent Mariakerke,,,HOUSE_GROUP,HOUSE_GROUP,,,,,0,,,,,,,
https://www.immoweb.be/en/classified/house/for-sale/ronse/9600/11125956,11125956,169000,9600,Ronse,1997,JUST_RENOVATED,HOUSE,HOUSE,3,80,INSTALLED,,0,,,1,17,117,"(2,)",0
https://www.immoweb.be/en/classified/new-real-estate-project-houses/for-sale/bachte-maria-leerne/9800/11127589,11127589,,9800,Bachte-Maria-Leerne,,,HOUSE_GROUP,HOUSE_GROUP,,,,,0,,,,,,,
https://www.immoweb.be/en/classified/house/for-sale/wetteren/9230/11128213,11128213,249000,9230,Wetteren,1935,GOOD,HOUSE,HOUSE,2,90,INSTALLED,,0,1,,,,90,"(2,)",0
https://www.immoweb.be/en/classified/mixed-use-building/for-sale/antwerpen-merksem/2170/11128275,11128275,429900,2170,Antwerpen Merksem,1919,GOOD,HOUSE,MIXED_USE_BUILDING,3,65,INSTALLED,,0,,,,,210,"(2,)",0
https://www.immoweb.be/en/classified/house/for-sale/ronse/9600/11128403,11128403,245000,9600,Ronse,1925,AS_NEW,HOUSE,HOUSE,3,83,INSTALLED,,0,1,10,1,25,112,"(2,)",0
https://www.immoweb.be/en/classified/house/for-sale/mont-sainte-aldegonde/7141/10992624,10992624,170000,7141,Mont-Sainte-Aldegonde,,,HOUSE,HOUSE,4,,,,0,,,,,,,
https://www.immoweb.be/en/classified/house/for-sale/ronse/9600/11130372,11130372,329000,9600,Ronse,,,HOUSE,HOUSE,5,,,,0,1,,,,292,,
https://www.immoweb.be/en/classified/mixed-use-building/for-sale/middelkerke/8430/11130352,11130352,94990,8430,Middelkerke,,,HOUSE,MIXED_USE_BUILDING,1,,,,0,,,,,,,
https://www.immoweb.be/en/classified/mixed-use-building/for-sale/schaerbeek/1030/11130366,11130366,389000,1030,Schaerbeek,,,HOUSE,MIXED_USE_BUILDING,6,0,,,0,,,,,210,"(2,)",
https://www.immoweb.be/en/classified/house/for-sale/deinze/9800/11130350,11130350,529000,9800,Deinze,,,HOUSE,HOUSE,3,,,,0,,,,,172,,
https://www.immoweb.be/en/classified/house/for-sale/ronse/9600/11130374,11130374,159000,9600,Ronse,,,HOUSE,HOUSE,3,,,,0,,,,,,,
https://www.immoweb.be/en/classified/house/for-sale/ronse/9600/11130376,11130376,359000,9600,Ronse,,,HOUSE,HOUSE,3,,,,0,1,,,,,,
https://www.immoweb.be/en/classified/house/for-sale/lanaken/3620/11130402,11130402,419000,3620,Lanaken,1996,,HOUSE,HOUSE,3,771,INSTALLED,,0,,,,,225,"(None,)",
https://www.immoweb.be/en/classified/villa/for-sale/buggenhout/9255/11130414,11130414,795000,9255,Buggenhout,,,HOUSE,VILLA,3,,,,0,1,27,1,650,220,,
https://www.immoweb.be/en/classified/house/for-sale/witgoor/2480/11130379,11130379,345000,2480,WITGOOR,2022,,HOUSE,HOUSE,3,331,INSTALLED,,1,1,10,1,251,162,"(3,)",
https://www.immoweb.be/en/classified/house/for-sale/heist-op-den-berg/2220/11130416,11130416,465000,2220,Heist-op-den-Berg,1998,GOOD,HOUSE,HOUSE,3,268,INSTALLED,,0,1,,,,239,"(4,)",
https://www.immoweb.be/en/classified/mansion/for-sale/aalst/9300/11130415,11130415,263000,9300,Aalst,,,HOUSE,MANSION,3,,,,0,1,15,1,50,230,,
https://www.immoweb.be/en/classified/new-real-estate-project-houses/for-sale/dessel/2480/11130386,11130386,,2480,Dessel,,,HOUSE_GROUP,HOUSE_GROUP,,,,,0,,,,,,,
https://www.immoweb.be/en/classified/house/for-sale/witgoor/2480/11130378,11130378,330000,2480,WITGOOR,2022,,HOUSE,HOUSE,3,0,INSTALLED,,1,1,10,1,166,172,"(3,)",
https://www.immoweb.be/en/classified/villa/for-sale/overijse/3090/11130392,11130392,675000,3090,Overijse,1987,,HOUSE,VILLA,5,1047,INSTALLED,,0,,,,,271,"(None,)",
https://www.immoweb.be/en/classified/house/for-sale/lier/2500/11130417,11130417,259000,2500,Lier,,TO_BE_DONE_UP,HOUSE,HOUSE,3,310,INSTALLED,,0,1,,1,224,136,"(3,)",
https://www.immoweb.be/en/classified/manor-house/for-sale/lauwe/8930/10989764,10989764,725000,8930,Lauwe,,,HOUSE,MANOR_HOUSE,6,,,,0,,,,,,,
https://www.immoweb.be/en/classified/house/for-sale/tielt-winge/3390/11130514,11130514,512000,3390,Tielt-Winge,2024,GOOD,HOUSE,HOUSE,4,592,,,0,1,18,1,475,211,"(None,)",
https://www.immoweb.be/en/classified/house/for-sale/hamme-9220/9220/11130517,11130517,309000,9220,Hamme (9220),,,HOUSE,HOUSE,4,,,,0,,,,,187,,
https://www.immoweb.be/en/classified/house/for-sale/colfontaine/7340/11130516,11130516,125000,7340,Colfontaine,,,HOUSE,HOUSE,2,,,,0,1,1,1,1,,,0
https://www.immoweb.be/en/classified/new-real-estate-project-houses/for-sale/oud-turnhout/2360/11130518,11130518,,2360,Oud-Turnhout,,,HOUSE_GROUP,HOUSE_GROUP,,,,,0,,,,,,,
https://www.immoweb.be/en/classified/house/for-sale/brakel/9660/11130515,11130515,279000,9660,Brakel,,,HOUSE,HOUSE,4,,,,0,,,,,133,,
https://www.immoweb.be/en/classified/house/for-sale/gembloux/5030/11129228,11129228,279000,5030,Gembloux,1850,GOOD,HOUSE,HOUSE,3,1850,INSTALLED,,0,,,1,1850,,"(2,)",0
https://www.immoweb.be/en/classified/apartment-block/for-sale/beerse/2340/11130528,11130528,1195000,2340,Beerse,,GOOD,HOUSE,APARTMENT_BLOCK,12,1413,SEMI_EQUIPPED,,1,1,,1,,530,"(4,)",
https://www.immoweb.be/en/classified/house/for-sale/sint-antonius/2980/11130530,11130530,289000,2980,SINT-ANTONIUS,1950,TO_RENOVATE,HOUSE,HOUSE,2,878,SEMI_EQUIPPED,,1,,,1,,98,"(None,)",
https://www.immoweb.be/en/classified/house/for-sale/meulebeke/8760/11130539,11130539,169000,8760,Meulebeke,1935,AS_NEW,HOUSE,HOUSE,3,34,INSTALLED,,0,,,,,96,"(None,)",
https://www.immoweb.be/en/classified/house/for-sale/liege/4020/11128858,11128858,139000,4020,Liège,1950,TO_BE_DONE_UP,HOUSE,HOUSE,2,81,SEMI_EQUIPPED,,1,1,22,,,97,"(2,)",0
https://www.immoweb.be/en/classified/new-real-estate-project-houses/for-sale/sint-denijs-westrem/9051/11130536,11130536,,9051,Sint-Denijs-Westrem,,,HOUSE_GROUP,HOUSE_GROUP,,,,,0,,,,,,,
https://www.immoweb.be/en/classified/house/for-sale/spiere-helkijn/8587/11130534,11130534,1200000,8587,Spiere-Helkijn,,,HOUSE,HOUSE,5,,,,0,,,,,430,,
https://www.immoweb.be/en/classified/house/for-sale/schoten/2900/11130522,11130522,449000,2900,Schoten,,GOOD,HOUSE,HOUSE,3,135,HYPER_EQUIPPED,,0,,,,,115,"(None,)",
https://www.immoweb.be/en/classified/villa/for-sale/ternat/1740/11130541,11130541,579000,1740,Ternat,,AS_NEW,HOUSE,VILLA,5,1590,HYPER_EQUIPPED,,1,1,30,1,800,221,"(4,)",0
https://www.immoweb.be/en/classified/house/for-sale/bruxelles/1000/10492935,10492935,410000,1000,Bruxelles,2017,AS_NEW,HOUSE,HOUSE,2,109,USA_HYPER_EQUIPPED,,0,1,10,,,100,"(2,)",0
https://www.immoweb.be/en/classified/mixed-use-building/for-sale/bruxelles/1000/11116474,11116474,1150000,1000,Bruxelles,1880,GOOD,HOUSE,MIXED_USE_BUILDING,6,233,HYPER_EQUIPPED,,0,1,15,,,400,"(2,)",0
https://www.immoweb.be/en/classified/apartment-block/for-sale/bruxelles/1000/11122899,11122899,1200000,1000,Bruxelles,,AS_NEW,HOUSE,APARTMENT_BLOCK,4,0,USA_SEMI_EQUIPPED,,0,,,,,270,"(2,)",
https://www.immoweb.be/en/classified/house/for-sale/bruxelles/1000/11127207,11127207,445000,1000,BRUXELLES,,JUST_RENOVATED,HOUSE,HOUSE,4,60,HYPER_EQUIPPED,,0,1,8,,,162,"(2,)",
https://www.immoweb.be/en/classified/apartment-block/for-sale/bruxelles/1000/11121228,11121228,1400000,1000,Bruxelles,1890,TO_RENOVATE,HOUSE,APARTMENT_BLOCK,0,152,SEMI_EQUIPPED,,0,1,15,,,448,"(2,)",0
https://www.immoweb.be/en/classified/house/for-sale/brussel/1000/10540761,10540761,1290000,1000,Brussel,1947,GOOD,HOUSE,HOUSE,4,339,,,0,,,,,700,"(4,)",
https://www.immoweb.be/en/classified/apartment-block/for-sale/brussels/1000/10378811,10378811,695000,1000,Brussels,1920,GOOD,HOUSE,APARTMENT_BLOCK,5,0,USA_INSTALLED,,0,1,12,,,290,"(2,)",0
https://www.immoweb.be/en/classified/house/for-sale/bruxelles/1000/10817855,10817855,1030000,1000,Bruxelles,1960,TO_BE_DONE_UP,HOUSE,HOUSE,4,366,INSTALLED,,0,1,,1,250,327,"(3,)",0
https://www.immoweb.be/en/classified/apartment-block/for-sale/bruxelles/1000/10800986,10800986,945000,1000,Bruxelles,1902,TO_BE_DONE_UP,HOUSE,APARTMENT_BLOCK,4,156,INSTALLED,,1,1,36,1,36,300,"(2,)",
https://www.immoweb.be/en/classified/apartment-block/for-sale/bruxelles-ville/1000/10694104,10694104,2495000,1000,Bruxelles ville,1834,JUST_RENOVATED,HOUSE,APARTMENT_BLOCK,12,190,NOT_INSTALLED,,0,1,,,,818,"(2,)",
https://www.immoweb.be/en/classified/exceptional-property/for-sale/bruxelles/1000/11115382,11115382,895000,1000,Bruxelles,1897,GOOD,HOUSE,EXCEPTIONAL_PROPERTY,4,0,HYPER_EQUIPPED,,0,1,14,1,52,277,"(2,)",0
https://www.immoweb.be/en/classified/house/for-sale/brussels/1000/11091504,11091504,495000,1000,Brussels,1930,TO_RENOVATE,HOUSE,HOUSE,3,155,,,0,1,44,1,15,246,"(2,)",0
https://www.immoweb.be/en/classified/apartment-block/for-sale/brussels-city/1000/10676542,10676542,320000,1000,Brussels City,,GOOD,HOUSE,APARTMENT_BLOCK,4,45,INSTALLED,,0,,,,,180,"(2,)",0
https://www.immoweb.be/en/classified/mixed-use-building/for-sale/bruxelles/1000/9402335,9402335,1400000,1000,BRUXELLES,1899,JUST_RENOVATED,HOUSE,MIXED_USE_BUILDING,3,196,HYPER_EQUIPPED,,1,,,,,568,"(2,)",
https://www.immoweb.be/en/classified/house/for-sale/bruxelles/1000/10815556,10815556,360000,1000,Bruxelles,1920,GOOD,HOUSE,HOUSE,4,45,INSTALLED,,0,,,,,135,"(3,)",0
https://www.immoweb.be/en/classified/house/for-sale/brussels/1000/10965913,10965913,450000,1000,Brussels,1913,GOOD,HOUSE,HOUSE,4,225,USA_INSTALLED,,0,1,,,,210,"(2,)",0
https://www.immoweb.be/en/classified/mixed-use-building/for-sale/bruxelles/1000/10994408,10994408,515000,1000,Bruxelles,1890,AS_NEW,HOUSE,MIXED_USE_BUILDING,3,43,USA_INSTALLED,,0,,,,,134,"(2,)",0
https://www.immoweb.be/en/classified/apartment-block/for-sale/bruxelles/1000/11127427,11127427,995000,1000,Bruxelles,1950,GOOD,HOUSE,APARTMENT_BLOCK,10,200,INSTALLED,,0,1,30,,,630,"(2,)",0
https://www.immoweb.be/en/classified/apartment-block/for-sale/bruxelles/1000/11124185,11124185,925000,1000,Bruxelles,1950,GOOD,HOUSE,APARTMENT_BLOCK,6,200,INSTALLED,,0,1,40,,,550,"(2,)",0
https://www.immoweb.be/en/classified/mansion/for-sale/bruxelles/1000/10653822,10653822,1950000,1000,Bruxelles,1894,GOOD,HOUSE,MANSION,6,242,SEMI_EQUIPPED,,0,1,24,1,40,497,"(2,)",0
https://www.immoweb.be/en/classified/mixed-use-building/for-sale/brussels/1000/10990259,10990259,1300000,1000,Brussels,,,HOUSE,MIXED_USE_BUILDING,6,,,,0,1,100,1,200,518,,0
